Work Item Type,Title,State,Story Points,Priority,Description,Acceptance Criteria,Tags,Business Value
Epic,Core Platform Foundation,New,55,1,"Establish foundational platform architecture including React application, routing, state management, and core UI framework","✅ React application running with hot reload; ✅ Multi-page navigation operational; ✅ Centralized state management working; ✅ Dark/light theme system functional; ✅ Professional Cognizant branding integrated","v1.0; completed; foundation",100
Epic,Agent Network Management,New,60,1,"Enable users to discover, load, organize, and manage 50+ agent networks from Neuro SAN registry","✅ 50+ networks discovered; ✅ Networks organized by category; ✅ Load any network for visualization; ✅ Update agent configurations","v1.0; completed; core",95
Epic,Visual Flow Canvas,New,70,1,"Interactive visual canvas displaying agent networks as graph diagrams with real-time execution visualization","✅ Interactive graph visualization; ✅ Drag-and-drop nodes; ✅ Real-time execution animation; ✅ Zoom, pan, minimap controls","v1.0; completed; core",100
Epic,Agent Configuration System,New,80,1,"Comprehensive 7-tab configuration interface for customizing all agent aspects","✅ 7-tab drawer implemented; ✅ All properties editable; ✅ 58+ tools selectable; ✅ 9+ MCP servers configurable; ✅ Unsaved changes protection","v1.0; completed; core",100
Epic,AI-Powered Network Designer,New,55,1,"Integrate AI-powered network design using Gemini 2.5 Pro API with visual architecture plans","✅ Natural language network description; ✅ Gemini 2.5 Pro API integration operational; ✅ Mermaid diagram visualization working; ✅ Plan approval workflow implemented; ✅ Dual engine support","v1.0; completed; ai",95
Epic,Real-Time Communication,New,45,1,"Implement WebSocket-based real-time communication supporting chat and execution logs and internal agent messages","✅ WebSocket chat connection established; ✅ Real-time execution logs streaming; ✅ Internal agent-to-agent messages visible; ✅ Markdown message rendering with code blocks; ✅ Connection state management and recovery; ✅ Session-based isolation","v1.0; completed; websocket",90
Epic,Component & Tool Library,New,35,1,"Comprehensive library of 58+ tools and 9+ MCP servers with visual browsing interface","✅ 58+ tools documented and accessible; ✅ 9+ MCP servers available; ✅ Visual browsing with category organization; ✅ Search and filter functionality; ✅ Drag-and-drop integration","v1.0; completed; tools",85
Epic,Execution & Monitoring,New,30,1,"Comprehensive execution monitoring with real-time logs and performance metrics and agent chain visualization","✅ Real-time execution logs streaming; ✅ Agent delegation chain visualization; ✅ Performance metrics tracking; ✅ Token usage accounting; ✅ Visual execution trace on canvas","v1.0; completed; monitoring",80
Epic,User Interface Polish,New,25,2,"Polish user interface with professional design and smooth animations and responsive layouts","✅ Consistent design system across all components; ✅ Smooth animations and transitions; ✅ Loading states for all async operations; ✅ Comprehensive error handling with user feedback; ✅ Responsive layouts adapting to screen sizes; ✅ Accessibility basics","v1.0; completed; ui",70
